{"cameraMode":{"drawMode":0,"name":"Shaded","section":"Shading Mode"},"sceneLighting":false,"audioPlay":false,"sceneViewState":{"m_AlwaysRefresh":false,"showFog":true,"showSkybox":false,"showFlares":true,"showImageEffects":true,"showParticleSystems":true,"showVisualEffectGraphs":true,"m_FxEnabled":true},"in2DMode":false,"pivot":{"x":-0.11956596374511719,"y":0.13449925184249879,"z":0.3879196047782898},"rotation":{"x":0.12033405154943466,"y":-0.7092429399490356,"z":0.12489398568868637,"w":0.6833288073539734},"size":0.8660253882408142,"orthographic":false}