{"cameraMode":{"drawMode":0,"name":"Shaded","section":"Shading Mode"},"sceneLighting":false,"audioPlay":false,"sceneViewState":{"m_AlwaysRefresh":false,"showFog":true,"showSkybox":false,"showFlares":true,"showImageEffects":true,"showParticleSystems":true,"showVisualEffectGraphs":true,"m_FxEnabled":true},"in2DMode":false,"pivot":{"x":-2.859372615814209,"y":2.4088926315307619,"z":7.407024383544922},"rotation":{"x":0.23090334236621858,"y":0.32793474197387698,"z":-0.08278772979974747,"w":0.9123749136924744},"size":17.080677032470704,"orthographic":false}