{"cameraMode":{"drawMode":0,"name":"Shaded","section":"Shading Mode"},"sceneLighting":false,"audioPlay":false,"sceneViewState":{"m_AlwaysRefresh":false,"showFog":true,"showSkybox":false,"showFlares":true,"showImageEffects":true,"showParticleSystems":true,"showVisualEffectGraphs":true,"m_FxEnabled":true},"in2DMode":false,"pivot":{"x":0.5395499467849731,"y":0.020105719566345216,"z":-0.5265448093414307},"rotation":{"x":-0.0655573233962059,"y":0.8762736320495606,"z":-0.12466097623109818,"w":-0.460894912481308},"size":1.4041955471038819,"orthographic":false}