{"cameraMode":{"drawMode":0,"name":"Shaded","section":"Shading Mode"},"sceneLighting":false,"audioPlay":false,"sceneViewState":{"m_AlwaysRefresh":false,"showFog":true,"showSkybox":false,"showFlares":true,"showImageEffects":true,"showParticleSystems":true,"showVisualEffectGraphs":true,"m_FxEnabled":true},"in2DMode":false,"pivot":{"x":0.15719585120677949,"y":1.8182209730148316,"z":-1.9193298816680909},"rotation":{"x":0.03130873665213585,"y":0.9680679440498352,"z":-0.1570296436548233,"w":0.1930118054151535},"size":0.1535511612892151,"orthographic":false}