{"cameraMode":{"drawMode":0,"name":"Shaded","section":"Shading Mode"},"sceneLighting":false,"audioPlay":false,"sceneViewState":{"m_AlwaysRefresh":false,"showFog":true,"showSkybox":false,"showFlares":true,"showImageEffects":true,"showParticleSystems":true,"showVisualEffectGraphs":true,"m_FxEnabled":true},"in2DMode":false,"pivot":{"x":0.1464572548866272,"y":0.05174855887889862,"z":-0.09745073318481446},"rotation":{"x":-0.03573715314269066,"y":-0.3260916471481323,"z":0.012318534776568413,"w":-0.9446030855178833},"size":0.8660253882408142,"orthographic":false}