{"cameraMode":{"drawMode":0,"name":"Shaded","section":"Shading Mode"},"sceneLighting":true,"audioPlay":false,"sceneViewState":{"m_AlwaysRefresh":false,"showFog":true,"showSkybox":true,"showFlares":true,"showImageEffects":true,"showParticleSystems":true,"showVisualEffectGraphs":true,"m_FxEnabled":true},"in2DMode":false,"pivot":{"x":41.89289474487305,"y":-50.010841369628909,"z":49.329532623291019},"rotation":{"x":0.3419288992881775,"y":0.06510297954082489,"z":-0.023655826225876809,"w":0.9372555613517761},"size":73.08340454101563,"orthographic":false}