{"cameraMode":{"drawMode":0,"name":"Shaded","section":"Shading Mode"},"sceneLighting":true,"audioPlay":false,"sceneViewState":{"m_AlwaysRefresh":false,"showFog":true,"showSkybox":true,"showFlares":true,"showImageEffects":true,"showParticleSystems":true,"showVisualEffectGraphs":true,"m_FxEnabled":true},"in2DMode":false,"pivot":{"x":154.53823852539063,"y":1.6705589294433594,"z":-20.47066879272461},"rotation":{"x":0.20791083574295045,"y":0.4991324245929718,"z":-0.12460679560899735,"w":0.8320349454879761},"size":54.851219177246097,"orthographic":false}